{"cameraMode":{"drawMode":0,"name":"Shaded","section":"Shading Mode"},"sceneLighting":true,"audioPlay":false,"sceneViewState":{"showFog":true,"showMaterialUpdate":false,"showSkybox":true,"showFlares":true,"showImageEffects":true,"showParticleSystems":true},"in2DMode":false,"pivot":{"x":-5.08859920501709,"y":0.9627227783203125,"z":32.85893249511719},"rotation":{"x":-0.16235660016536714,"y":0.7107090353965759,"z":-0.1740449219942093,"w":-0.6620669960975647},"size":36.15824508666992,"orthographic":false}